-- Source: https://leetcode.com/problems/students-and-examinations/description/?envType=study-plan-v2&envId=top-sql-50

-- Table: Students

-- +---------------+---------+
-- | Column Name   | Type    |
-- +---------------+---------+
-- | student_id    | int     |
-- | student_name  | varchar |
-- +---------------+---------+
-- student_id is the primary key (column with unique values) for this table.
-- Each row of this table contains the ID and the name of one student in the school.

-- Table: Subjects

-- +--------------+---------+
-- | Column Name  | Type    |
-- +--------------+---------+
-- | subject_name | varchar |
-- +--------------+---------+
-- subject_name is the primary key (column with unique values) for this table.
-- Each row of this table contains the name of one subject in the school.

-- Table: Examinations

-- +--------------+---------+
-- | Column Name  | Type    |
-- +--------------+---------+
-- | student_id   | int     |
-- | subject_name | varchar |
-- +--------------+---------+
-- There is no primary key (column with unique values) for this table. It may contain duplicates.
-- Each student from the Students table takes every course from the Subjects table.
-- Each row of this table indicates that a student with ID student_id attended the exam of subject_name.

-- Write a solution to find the number of times each student attended each exam.

-- Return the result table ordered by student_id and subject_name.

------------------------------------------------------------------------------

-- SQL Schema

Create table If Not Exists Students (student_id int, student_name varchar(20))
Create table If Not Exists Subjects (subject_name varchar(20))
Create table If Not Exists Examinations (student_id int, subject_name varchar(20))
Truncate table Students
insert into Students (student_id, student_name) values ('1', 'Alice')
insert into Students (student_id, student_name) values ('2', 'Bob')
insert into Students (student_id, student_name) values ('13', 'John')
insert into Students (student_id, student_name) values ('6', 'Alex')
Truncate table Subjects
insert into Subjects (subject_name) values ('Math')
insert into Subjects (subject_name) values ('Physics')
insert into Subjects (subject_name) values ('Programming')
Truncate table Examinations
insert into Examinations (student_id, subject_name) values ('1', 'Math')
insert into Examinations (student_id, subject_name) values ('1', 'Physics')
insert into Examinations (student_id, subject_name) values ('1', 'Programming')
insert into Examinations (student_id, subject_name) values ('2', 'Programming')
insert into Examinations (student_id, subject_name) values ('1', 'Physics')
insert into Examinations (student_id, subject_name) values ('1', 'Math')
insert into Examinations (student_id, subject_name) values ('13', 'Math')
insert into Examinations (student_id, subject_name) values ('13', 'Programming')
insert into Examinations (student_id, subject_name) values ('13', 'Physics')
insert into Examinations (student_id, subject_name) values ('2', 'Math')
insert into Examinations (student_id, subject_name) values ('1', 'Math')

-- MS SQL Server Code

SELECT s.student_id, s.student_name, u.subject_name, COUNT(e.subject_name) as 'attended_exams'
FROM Students s
CROSS JOIN Subjects u
LEFT JOIN Examinations e
ON s.student_id = e.student_id AND u.subject_name = e.subject_name
GROUP BY s.student_id, s.student_name, u.subject_name
ORDER BY s.student_id, u.subject_name
